"","StateCodes","State","Region","Division","Coast","Great.Lakes","TotalC","TotalP","TotalE","TotalPrice","TotalC_Changes","TotalP_Changes","TotalE_Changes","TotalPrice_Changes","BiomassC","CoalC","CoalP","CoalE","CoalPrice","ElecC","ElecE","ElecPrice","FossFuelC","GeoC","GeoP","HydroC","HydroP","NatGasC","NatGasE","NatGasPrice","LPGC","LPGE","LPGPrice","GDP","Population","Year"
"1","AL","Alabama",3,6,1,0,1931522,1419613,21630.5,17.82,0,0,0,0,169088,718684,493094,2135.6,2.97,310023,7833,26.44,1785688,138,0,84919,8704,544405,3222.2,6.65,13088,316.7,24.2,176220.75,4785822,2010
"2","AK","Alaska",4,9,1,0,653221,1738207,6473.9,20.13,0,0,0,0,4178,14548,33556,49.9,3.43,21315,912.4,43.29,634777,153,0,13982,1433,334978,479.2,6.41,1353,35.6,26.79,54220,713856,2010
"3","AZ","Arizona",4,8,0,0,1383531,580948,19372.7,22.25,0,0,0,0,29289,457909,167930,829.1,1.81,248506,7058.8,28.4,1292346,339,0,64606,6622,336208,2198.8,6.86,7838,219.9,28.05,247333,2922297,2010
"4","AR","Arkansas",3,7,0,0,1120632,1247709,12269.4,16.9,0,0,0,0,94865,293689,718,510.6,1.74,164439,3393.3,21.57,909827,773,0,35697,3659,274774,1791.7,7.23,10016,224.3,22.4,104928.75,6411999,2010
"5","CA","California",4,9,1,0,7760629,2532205,117090,20.97,0,0,0,0,280124,54972,0,161.4,2.94,882107,33381.8,38.23,5741492,124981,12600,326152,33431,2325411,14914.1,6.97,63022,1669.8,27.58,1960935,37336011,2010
"6","CO","Colorado",4,8,0,0,1513547,2561459,16888.5,17.4,0,0,0,0,28210,382623,551825,609.9,1.59,180555,4786.2,26.9,1370758,721,0,15398,1578,510877,2574,6.6,16395,365.4,22.53,258148.25,5048575,2010
"7","CT","Connecticut",1,1,1,0,764970,203188,14245,25.62,0,0,0,0,35716,28711,0,99.1,3.45,103697,5283.1,50.95,562060,20,0,3811,391,203814,1743.7,8.86,9425,270.2,28.67,230357.25,3579345,2010
"8","DE","Delaware",3,5,1,0,250212,3575,3584.1,23.5,0,0,0,0,6901,30253,0,101.3,3.35,39599,1389.5,35.09,171414,414,0,0,0,56087,524.2,9.37,5323,145.8,27.4,57673.75,899731,2010
"9","FL","Florida",3,5,1,0,4282673,510201,59825.6,22.05,0,0,0,0,246789,637416,0,2218.8,3.48,788887,24459.8,31.01,3491560,9516,0,1731,177,1180462,7967.6,6.91,20915,606.1,28.98,729761.5,18852220,2010
"10","GA","Georgia",3,5,1,0,3100144,561796,37231.8,18.25,0,0,0,0,204742,767906,0,2993.6,3.9,479971,12409.5,26.07,2324200,300,0,32407,3322,541691,4545.8,8.66,22767,561.3,24.68,407999,9714464,2010
"11","HI","Hawaii",4,9,1,0,278046,16245,5854.8,30.43,0,0,0,0,10448,17117,0,39.7,2.32,34176,2473.3,73.8,259018,1964,201,687,70,2732,94.7,35.29,3155,99.1,31.63,67538.5,1363950,2010
"12","ID","Idaho",4,8,0,0,516120,130652,5683.2,17.14,0,0,0,0,33561,8527,0,20.1,2.35,77786,1491.9,19.18,250946,2120,72,89309,9154,85075,571.8,7.4,5268,126.8,24.08,55420.25,1570639,2010
"13","IL","Illinois",2,3,0,1,3955091,2090939,45326.7,17.39,0,0,0,0,147792,1069037,767419,1978.6,1.85,493923,13111.8,26.82,3225698,1965,0,1157,119,974412,7741.3,8.34,71671,1521.1,21.7,653164,12840097,2010
"14","IN","Indiana",2,3,0,1,2863396,987568,27475.6,14.89,0,0,0,0,98571,1449371,790889,3786.7,2.61,361653,8035.5,22.55,2770123,4408,0,4426,454,580752,3583,6.51,25691,570.4,22.38,283111.5,6490308,2010
"15","IA","Iowa",2,4,0,0,1499729,673102,14967.3,15.68,0,0,0,0,239261,493794,0,746.8,1.51,155059,3479.7,22.44,1187456,1170,0,9250,948,312941,2150.7,7.13,66062,1390.7,21.05,141382.5,3050295,2010
"16","KS","Kansas",2,4,0,0,1117631,812830,11846.4,17.7,0,0,0,0,39348,359908,3069,546.4,1.52,137915,3351.6,24.52,997849,906,0,129,13,280413,1705.6,7.4,12277,248.4,20.32,128589,2858949,2010
"17","KY","Kentucky",3,6,0,0,1978527,2781466,19987.7,17.16,0,0,0,0,51017,1009823,2556093,2382.9,2.36,319259,6223.8,19.81,1874296,2544,0,25173,2580,239062,1497.9,7.13,33939,754.8,22.81,165787,4349838,2010
"18","LA","Louisiana",3,7,1,0,4385758,3170742,44999.5,15.06,0,0,0,0,112227,259750,54346,622.7,2.4,290292,6435.6,23.12,3974821,1708,0,10817,1109,1483201,5515,5.02,489633,8201.9,16.76,231371.5,4545581,2010
"19","ME","Maine",1,1,1,0,415065,151940,6340.6,18.77,0,0,0,0,114477,2279,0,8.7,3.82,39346,1480.8,37.64,277354,70,0,37174,3810,80988,624,7.88,10859,294.4,27.12,51304.25,1327361,2010
"20","MD","Maryland",3,5,1,0,1464503,250812,21401.3,22.83,0,0,0,0,51683,266067,58798,894.1,3.36,222925,8301,37.24,963419,548,0,16267,1667,217744,2099.6,9.94,13030,386.6,29.67,314470.5,5788101,2010
"21","MA","Massachusetts",1,1,1,0,1416119,108868,24558,23.33,0,0,0,0,59866,83850,0,268.9,3.21,194905,8144.9,41.79,1107941,764,0,9720,996,447429,4170.3,9.4,9140,285.6,31.24,399270.25,6564073,2010
"22","MI","Michigan",2,3,0,1,2753536,626639,34591.5,18.47,0,0,0,0,129422,749285,0,1793.3,2.39,353651,10171.9,29.05,2305457,4898,0,12200,1251,758696,6595.8,9.24,41696,944.4,22.72,387167,9876498,2010
"23","MN","Minnesota",2,4,0,1,1857095,429062,20946.6,17.04,0,0,0,0,163181,315438,0,573,1.82,231333,5653,24.72,1337325,1035,0,8199,840,427198,2797.8,7,30431,636.4,21.12,271481,5310418,2010
"24","MS","Mississippi",3,6,1,0,1177620,448713,13314.3,17.9,0,0,0,0,71310,148463,41586,476.8,3.21,169533,4147.1,25.46,999309,855,0,0,0,444875,2222.8,5.73,11899,295,24.79,94953.5,2970811,2010
"25","MO","Missouri",2,4,0,0,1910500,198297,22961.9,18.84,0,0,0,0,69261,801625,9816,1290.4,1.61,293722,6698.6,22.81,1721620,339,0,15018,1539,282141,2664.3,9.64,28861,597.9,20.72,255631.25,5996085,2010
"26","MT","Montana",4,8,0,0,400855,1148154,4744,18.26,0,0,0,0,14644,203339,797035,289.1,1.42,46988,1067.2,23.08,447231,279,0,91849,9415,72888,496.1,8.3,9000,185.7,20.69,37801,990575,2010
"27","NE","Nebraska",2,4,0,0,860741,399822,8724.6,16.68,0,0,0,0,109887,254552,0,366.3,1.44,101846,2244.2,22.03,666348,1151,0,12818,1314,169620,1112.5,6.87,12111,236.1,19.5,91498.25,1829865,2010
"28","NV","Nevada",4,8,0,0,645604,51846,9246.5,21.22,0,0,0,0,9739,80228,0,195.7,2.44,115232,3234.5,28.66,577325,21631,2070,21047,2157,267808,1885.7,7.17,4409,120.9,28.24,119771,2703493,2010
"29","NH","New Hampshire",1,1,1,0,294473,156829,5226.7,24.21,0,0,0,0,33502,33827,0,128.5,3.8,37157,1615.8,43.48,242475,28,0,14415,1478,62612,503.5,8.07,12029,314.1,26.12,62678.75,1316517,2010
"30","NJ","New Jersey",1,2,1,0,2395713,376845,37144.8,21.28,0,0,0,0,64370,71961,0,299.3,4.16,270160,11589,43.07,1772767,448,0,177,18,671474,6224.4,9.39,8532,267.2,31.32,492990,8803580,2010
"31","NM","New Mexico",4,8,0,0,649962,2255073,7207.1,20.02,0,0,0,0,17663,267474,381448,550.3,2.06,76526,1833.5,24.88,737539,324,0,2117,217,246201,904.6,6.54,8501,206.1,24.24,86194.75,2064950,2010
"32","NY","New York",1,2,1,1,3723729,836703,61972,23.09,0,0,0,0,120168,167094,0,540.9,3.24,493456,23735.2,48.1,2733286,1070,0,248502,25472,1224485,11722.5,9.7,31093,885.6,28.48,1208079.25,19400867,2010
"33","NC","North Carolina",3,5,1,0,2685333,576162,33119.5,20.27,0,0,0,0,134325,749091,0,2651.9,3.54,465448,11822.8,25.4,1869784,931,0,46405,4757,308710,2742.5,9.12,47840,1273.9,26.63,417375.5,9559488,2010
"34","ND","North Dakota",2,4,0,0,476072,1253749,4555.5,13.79,0,0,0,0,25305,409684,377669,721.7,1.76,44207,913.3,20.87,622237,906,0,19923,2042,70046,269.4,6.04,9541,187,19.79,36033,674345,2010
"35","OH","Ohio",2,3,0,1,3824933,1032440,45104.2,18.18,0,0,0,0,110645,1355137,644947,3392.6,2.5,525944,13976.9,26.89,3304252,3241,0,4186,429,810958,6742.5,8.72,29374,699.8,23.96,494736.25,11540070,2010
"36","OK","Oklahoma",3,7,0,0,1579910,2576077,17066.4,17.16,0,0,0,0,39320,346047,17580,614.8,1.78,197370,4362.9,22.3,1571983,23,0,27403,2809,697351,3916.8,6.73,11435,244,21.41,151317.5,3759481,2010
"37","OR","Oregon",4,9,1,0,975067,393763,12716.1,19.2,0,0,0,0,59498,42556,0,72.7,1.71,157041,3478.4,22.15,628380,1114,0,297970,30542,242914,1677,7.09,5956,142.8,23.98,191393,3837083,2010
"38","PA","Pennsylvania",1,2,0,1,3752280,3064745,49095.9,19.74,0,0,0,0,132240,1310670,1485775,3607.2,2.75,508265,15222.4,30.29,3469617,2018,0,22753,2332,909263,7209.8,8.73,55261,1554.5,28.19,588275.75,12711077,2010
"39","RI","Rhode Island",1,1,1,0,195314,3399,3689.9,23.63,0,0,0,0,6691,0,0,0,0,26611,1097.7,41.25,184732,20,0,36,4,95710,840.2,8.92,1342,41.6,31.03,49328.75,1053078,2010
"40","SC","South Carolina",3,5,1,0,1643912,649978,18661.9,18.52,0,0,0,0,101716,404966,0,1500.1,3.7,281419,7003.9,24.89,1124533,624,0,23185,2376,225961,1547.6,6.96,11209,306.3,27.32,165237,4636290,2010
"41","SD","South Dakota",2,4,0,0,378514,225387,3877.3,17.21,0,0,0,0,63943,39061,0,77.8,1.99,38747,888.3,22.93,226232,1716,0,51110,5239,72926,441.1,6.63,7707,148.8,19.31,38043.75,816192,2010
"42","TN","Tennessee",3,6,0,0,2247273,505731,25580.6,18.67,0,0,0,0,91516,515464,45030,1419.1,2.75,353215,8851.1,25.3,1461432,205,0,79392,8138,263365,1997,8.13,14037,362.6,25.9,254343,6356628,2010
"43","TX","Texas",3,7,1,0,11687521,11412134,135014.3,17.36,0,0,0,0,179840,1568060,538258,2936.9,1.87,1223057,32698.3,27.69,10741110,2316,0,12310,1262,3689583,15761.4,5.18,1425319,24548.5,17.23,1251494,25245717,2010
"44","UT","Utah",4,8,0,0,756012,1073063,8387.3,16.89,0,0,0,0,7712,356148,445692,608.3,1.71,95686,1925.4,20.45,847682,3449,277,6785,696,229078,1184.8,6.25,4050,91.9,23.18,119037,2774346,2010
"45","VT","Vermont",1,1,0,0,153697,80143,2783.6,23.75,0,0,0,0,19041,0,0,0,0,19090,740.8,38.81,90299,28,0,13140,1347,8502,97.3,11.47,9018,247.9,27.49,26406.5,625792,2010
"46","VA","Virginia",3,5,1,0,2483360,1096973,29847.2,19.12,0,0,0,0,119506,346161,564326,1222.3,3.53,388307,9893.7,25.48,1535604,1569,0,14636,1500,385931,2996.1,8.11,21572,594.3,27.55,423505.75,8025376,2010
"47","WA","Washington",4,9,1,0,2031428,907957,22762.2,18.33,0,0,0,0,115340,94934,0,220.2,2.32,308376,5959.3,19.63,1115899,1013,0,666221,68288,294871,2484.4,8.97,15836,388.9,25.2,362113.5,6741911,2010
"48","WV","West Virginia",3,5,0,0,738821,3699729,7925.9,17.26,0,0,0,0,25598,848129,3346117,2256.3,2.66,109293,2360.2,21.89,1165405,31,0,13340,1367,121780,700.3,8.42,4636,126.5,27.3,66961,1854176,2010
"49","WI","Wisconsin",2,3,0,1,1791199,329441,21593.9,18.48,0,0,0,0,137892,458442,0,1026.9,2.24,234583,6669.2,28.76,1361165,592,0,20603,2112,376627,3061.9,8.4,32179,647.4,20.22,253801,5689268,2010
"50","WY","Wyoming",4,8,0,0,540122,10536570,4524.9,15.16,0,0,0,0,3330,484239,7658286,636.2,1.31,58391,1035,18.27,805265,598,0,9989,1024,154759,371.8,5.92,5226,115,22.17,39093.25,564358,2010
"51","DC","District of Columbia",3,5,0,0,190529,95,2497.5,25.76,0,0,0,0,1027,71,0,0.2,2.63,40524,1586,39.14,58155,6,0,0,0,33717,415.8,12.41,21,0.6,28.26,104044.75,605210,2010
"52","AL","Alabama",3,6,1,0,1905207,1400108,24447.7,20.1,98.63760289,98.626034,113.0242019,112.7946128,179611,651032,468671,2009.7,3.09,303652,7846.1,27.08,1783839,135,0,86313,8884,609288,3122.6,5.72,10343,273.8,26.48,181923,4801695,2011
"53","AK","Alaska",4,9,1,0,653637,1641980,8050.4,24.91,100.0636844,94.46400803,124.3516273,123.7456533,4247,15481,33524,59.6,3.85,21562,1004.6,47.13,635981,214,0,13066,1345,339819,545.1,6.61,1247,36.9,29.78,59318.25,722572,2011
"54","AZ","Arizona",4,8,0,0,1424944,617956,22628.6,25.62,102.9932831,106.3702775,116.8066403,115.1460674,28565,459909,174841,917.2,1.99,255708,7278.6,28.46,1253992,345,0,89135,9174,293134,2084.4,7.45,8759,279.9,31.96,255620.5,2938430,2011
"55","AR","Arkansas",3,7,0,0,1122544,1391190,14178.8,19.67,100.170618,111.4995564,115.5622932,116.3905325,97160,306119,2985,592.2,1.93,163530,3446.6,22.02,932878,750,0,28738,2958,288906,1902.9,7.36,8992,240.3,26.72,109378.25,6472867,2011
"56","CA","California",4,9,1,0,7777115,2634789,135097.7,24.35,100.2124312,104.0511728,115.3793663,116.1182642,282581,55264,0,173.1,3.13,893745,33919.1,38.35,5550201,124092,12552,413488,42557,2196252,14353.7,7.08,62639,1921,31.26,2031347.75,37701901,2011
"57","CO","Colorado",4,8,0,0,1470445,2750097,19269.7,21.28,97.15225229,107.3644747,114.0995352,122.2988506,30883,368871,586847,637,1.73,182400,4963.2,27.61,1304903,741,0,20235,2083,481614,2334.4,6.79,16036,412.2,25.76,266796.25,5119661,2011
"58","CT","Connecticut",1,1,1,0,739130,195792,15498.1,28.13,96.62208976,96.36002126,108.7967708,109.7970336,33958,6081,0,22.4,3.68,101879,4881.5,47.91,557282,19,0,5513,567,236016,1788.9,7.79,10092,323.1,32.01,232270.75,3590537,2011
"59","DE","Delaware",3,5,1,0,272568,3976,3987.7,25.32,108.9348233,111.2167832,111.2608465,107.7446809,6781,17881,0,61,3.41,39181,1309.2,33.73,201518,401,0,0,0,81710,708.3,8.92,4730,143.4,30.31,59763.25,907829,2011
"60","FL","Florida",3,5,1,0,4141711,500907,67345.1,25.41,96.70855094,98.178365,112.569034,115.2380952,245557,552730,0,1959.7,3.55,768009,23880.2,31.09,3357837,9799,0,1769,182,1235953,7700.7,6.33,19205,605.1,31.51,735244.25,19107900,2011
"61","GA","Georgia",3,5,1,0,2982837,549483,42315.7,21.49,96.216079,97.80827916,113.6547253,117.7534247,210583,634756,0,2400.3,3.78,465298,13108.5,28.17,2142535,291,0,26282,2705,532310,4165.2,7.98,18607,503.2,27.04,418916.5,9813201,2011
"62","HI","Hawaii",4,9,1,0,287113,18378,7668.6,38.34,103.2609712,113.1301939,130.979709,125.9940848,10550,16080,0,29.4,1.83,33989,3090.5,92.78,265505,2183,224,905,93,2744,116.7,43.43,3397,116.1,34.23,69689.25,1378251,2011
"63","ID","Idaho",4,8,0,0,516978,176717,6621.1,19.65,100.1662404,135.257784,116.5030265,114.6441074,31192,7846,0,19.9,2.53,79403,1498.2,18.87,247718,2164,63,130241,13405,83947,589.7,7.5,5715,152.3,26.65,57081,1583780,2011
"64","IL","Illinois",2,3,0,1,3937616,2189423,50877.8,19.53,99.5581644,104.710037,112.2468655,112.3059229,133873,1052224,864228,2093,1.99,487526,12722.1,26.38,3212010,1905,0,1365,140,997722,7471.4,7.87,66874,1615.6,24.45,679269,12858725,2011
"65","IN","Indiana",2,3,0,1,2847188,1062319,32483.4,17.72,99.43395884,107.5692003,118.2263536,119.0060443,105527,1333442,840986,4157.2,3.12,361051,8373.1,23.55,2712351,4499,0,3972,409,638237,4220.2,6.99,25085,590,23.61,291889.75,6516560,2011
"66","IA","Iowa",2,4,0,0,1498973,689146,17308.3,18.18,99.94959089,102.3835912,115.6407635,115.9438776,231401,463138,0,750.2,1.62,155774,3451.3,22.16,1155743,1359,0,8991,925,309672,2052.8,6.87,64049,1559.8,24.35,149402,3064904,2011
"67","KS","Kansas",2,4,0,0,1104843,781704,13565.2,20.64,98.85579409,96.17066299,114.5090492,116.6101695,41131,346521,840,608.8,1.76,139074,3597.9,26.11,970721,1005,0,143,15,285318,1631.6,6.89,11583,276.4,23.94,137654.25,2869965,2011
"68","KY","Kentucky",3,6,0,0,1903208,2840858,23231.2,20.57,96.19317806,102.1352769,116.2274799,119.8717949,51474,1010623,2623804,2466.4,2.44,305505,6339,21.1,1846216,2700,0,28850,2969,229056,1421.7,7.05,32032,810,25.61,172255.25,4370038,2011
"69","LA","Louisiana",3,7,1,0,4388867,3972994,53391.3,17.96,100.0708885,125.3017117,118.6486517,119.2563081,113514,269993,52440,720.4,2.67,294691,6425.6,22.76,4015581,1891,0,10144,1044,1536147,5158.3,4.59,516784,10736.4,20.79,236958.25,4575972,2011
"70","ME","Maine",1,1,1,0,413893,154764,7425.8,21.93,99.71763459,101.8586284,117.1150995,116.8353756,113899,1542,0,6.5,4.2,38949,1435.8,36.86,268118,68,0,38660,3979,75061,569.2,7.84,10996,332,30.19,51480.75,1327930,2011
"71","MD","Maryland",3,5,1,0,1410012,272882,23062.5,25.51,96.27921554,108.7994195,107.7621453,111.73894,49917,241190,65871,881.3,3.65,217002,7590.5,34.98,900614,532,0,24748,2547,199223,1935.3,10.03,12743,425.4,33.38,323942.5,5843833,2011
"72","MA","Massachusetts",1,1,1,0,1397164,103058,27485.1,26.1,98.66148254,94.66326193,111.9191302,111.8731247,59074,42963,0,160,3.72,189605,7842.4,41.36,1073354,962,0,11161,1149,464018,4159.7,9.06,10672,369.4,34.62,413672.75,6612270,2011
"73","MI","Michigan",2,3,0,1,2785212,680857,39387.8,20.84,101.1503754,108.6521905,113.865545,112.8316188,140472,691150,0,2074.4,3,358443,10846.5,30.57,2253650,5088,0,13188,1357,787337,6520.7,8.76,40051,956.2,23.91,401359.75,9875736,2011
"74","MN","Minnesota",2,4,0,1,1850749,425422,24297.6,19.8,99.6582835,99.15163776,115.997823,116.1971831,155130,315604,0,635.5,2.01,233834,5876.3,25.43,1329595,1003,0,7250,746,424978,2791.7,7.01,29366,703.8,24.08,284490.75,5348036,2011
"75","MS","Mississippi",3,6,1,0,1155456,441341,15188.7,20.82,98.11789881,98.35707902,114.0780965,116.3128492,71184,107546,28822,416.7,3.88,168340,4202.5,26,944952,1074,0,0,0,437873,2012.9,5.16,10531,290.2,27.56,96840.25,2978464,2011
"76","MO","Missouri",2,4,0,0,1856590,197714,26567.3,22.48,97.1782256,99.70599656,115.7016623,119.3205945,66131,825650,10075,1436.3,1.74,287478,7008.5,24.38,1719891,329,0,11515,1185,275308,2584.6,9.64,25961,611.8,23.57,256996,6010544,2011
"77","MT","Montana",4,8,0,0,402355,1104165,5702.1,21.73,100.3742001,96.16871953,120.1960371,119.0032859,7601,165687,746650,247.4,1.49,47045,1124.5,24.26,422616,403,0,122382,12596,79470,549.1,8.12,9531,239.9,25.21,40841.25,997661,2011
"78","NE","Nebraska",2,4,0,0,862675,390808,9995.9,19.3,100.2246901,97.74549675,114.5714417,115.7074341,116589,285384,0,437.9,1.53,101255,2338.2,23.09,690557,1195,0,15713,1617,173666,1073.9,6.55,10877,259.5,23.86,99050.25,1842232,2011
"79","NV","Nevada",4,8,0,0,632655,53807,9794.5,23.45,97.99428132,103.7823554,105.9265668,110.5089538,9375,62701,0,163.1,2.6,115723,2992.8,26.43,529486,22419,2146,21284,2191,255970,1583,6.33,4170,133.6,32.43,122744.25,2718586,2011
"80","NH","New Hampshire",1,1,1,0,292979,131919,6071.5,27.69,99.49265298,84.11645805,116.1631622,114.3742255,33745,24489,0,87,3.55,37084,1602.2,43.2,242846,27,0,15592,1605,72778,579.2,7.98,13375,392.1,29.32,64097.5,1318109,2011
"81","NJ","New Jersey",1,2,1,0,2411816,390931,42752.9,24.18,100.672159,103.7378763,115.097941,113.6278195,62752,49592,0,207.3,4.18,262246,10953.9,41.95,1794240,435,0,237,24,677923,5806.1,8.7,8544,284.5,33.3,497571,8842614,2011
"82","NM","New Mexico",4,8,0,0,668675,2260681,8724.8,23.51,102.8790914,100.2486837,121.0584007,117.4325674,17054,284737,405952,584.8,2.05,78618,1964.3,25.92,768020,442,0,1892,195,251838,895.4,6.27,7782,211.2,27.14,89543.25,2078407,2011
"83","NY","New York",1,2,1,1,3611091,879395,66310.1,25.42,96.97512896,105.1024079,107.0000968,110.0909485,124402,125181,0,447.6,3.58,491487,22888.7,46.57,2620842,1283,0,272019,27997,1247757,11178.5,9.1,28906,920.9,31.86,1231935.75,19521745,2011
"84","NC","North Carolina",3,5,1,0,2558792,572796,36145.8,23.22,95.28769802,99.41578931,109.1375172,114.5535274,141002,624783,0,2283.1,3.65,447262,11332.3,25.34,1704725,903,0,37828,3893,311189,2547.1,8.38,41807,1170.5,28,428730.75,9651502,2011
"85","ND","North Dakota",2,4,0,0,528508,1518406,6480.9,17.34,111.0143004,121.1092491,142.2653935,125.7432922,27145,394771,367624,767.4,1.94,46871,1021.1,22.02,652742,1001,0,25068,2580,77752,296.1,5.8,9405,220.6,23.52,42122.75,685242,2011
"86","OH","Ohio",2,3,0,1,3792585,1067943,50635.8,20.58,99.15428584,103.438747,112.2640464,113.2013201,115650,1222606,679187,3382.4,2.77,527994,13856.1,26.56,3188336,3372,0,3728,384,849076,6576.7,8.08,29302,757.8,25.95,521870,11544757,2011
"87","OK","Oklahoma",3,7,0,0,1585212,2704301,19766.9,19.91,100.3355887,104.977491,115.8234894,116.025641,39133,378320,19094,686.1,1.81,204197,4636.6,22.91,1576848,23,0,14641,1507,676910,3500.1,6.27,10418,244.3,23.51,165277.5,3786527,2011
"88","OR","Oregon",4,9,1,0,1002476,513597,14924.3,22.37,102.8109863,130.433027,117.3653872,116.5104167,57460,35135,0,64.7,1.84,160949,3792.9,23.57,572458,1286,0,411131,42315,203607,1477.5,7.45,6208,170.6,27.48,200267.5,3867644,2011
"89","PA","Pennsylvania",1,2,0,1,3725014,3870671,55448.9,22.8,99.27334847,126.2966739,112.9399807,115.5015198,143718,1212984,1511491,3685.4,3.04,507560,15382.9,30.73,3412240,2180,0,31258,3217,1000509,7437.4,8.51,57268,1744.2,30.46,607403.25,12743995,2011
"90","RI","Rhode Island",1,1,1,0,185731,3419,3907.3,26.16,95.09354168,100.5884084,105.8917586,110.7067287,6265,0,0,0,0,26383,1008.3,38.22,185371,127,0,72,7,102465,813.1,8.02,1469,53.3,36.27,49931.25,1052020,2011
"91","SC","South Carolina",3,5,1,0,1601881,661898,21119.1,21.36,97.44323297,101.8339082,113.1669337,115.3347732,111632,366160,0,1410.6,3.85,274627,7081.3,25.78,1077992,605,0,15100,1554,235465,1432.6,6.18,9625,274.1,28.47,171152.75,4673054,2011
"92","SD","South Dakota",2,4,0,0,378470,248370,4596.4,20.43,99.9883756,110.1971276,118.5464112,118.7100523,62472,32112,0,69,2.15,39851,939.8,23.58,218924,1962,0,64205,6608,73973,451,6.77,6744,157.6,23.37,42453.25,824171,2011
"93","TN","Tennessee",3,6,0,0,2195401,506701,29861.2,22.15,97.69178022,100.1918016,116.7337748,118.6395287,91048,481127,38576,1425.4,2.96,343702,9277.6,27.26,1427048,199,0,93037,9576,267929,1886.9,7.61,11999,328.9,27.45,264957.5,6398389,2011
"94","TX","Texas",3,7,1,0,11906249,12571450,163261.8,20.55,101.8714662,110.1586259,120.9218579,118.375576,205461,1695239,605290,3212.5,1.9,1283134,33064.8,26.64,10979933,2488,0,5471,563,3800578,14900.1,4.73,1452532,30956.3,21.32,1351048.25,25657477,2011
"95","UT","Utah",4,8,0,0,794058,1128821,10486,20.04,105.0324598,105.1961534,125.0223552,118.6500888,9209,346181,453869,622.7,1.8,98467,2032.3,20.98,858627,4027,330,11952,1230,230672,1216.2,6.5,4911,124.4,25.41,125496.5,2815324,2011
"96","VT","Vermont",1,1,0,0,150475,80677,3223.2,27.86,97.90366761,100.666309,115.7924989,117.3052632,17194,0,0,0,0,18937,765.9,40.44,88836,27,0,13843,1425,8679,98.9,11.46,8271,246.6,29.81,27564.5,626450,2011
"97","VA","Virginia",3,5,1,0,2380922,1085234,33423.7,22.25,95.87502416,98.92987339,111.9826985,116.3702929,116144,288348,562805,1128.1,3.91,376099,9747.7,25.92,1431388,1764,0,11760,1210,383527,2774.2,7.67,20844,553.7,26.56,431961.25,8110188,2011
"98","WA","Washington",4,9,1,0,2059630,1101186,27091.6,21.54,101.3882845,121.2817347,119.0201299,117.512275,114621,56951,0,133.1,2.34,319789,6294.2,20.01,1042446,1262,0,892101,91818,272261,2484.3,9.77,16604,472.2,28.83,372286.75,6822112,2011
"99","WV","West Virginia",3,5,0,0,726341,3820203,9023.6,20.23,98.31082224,103.2562926,113.8495313,117.207416,25409,822645,3321102,2227.1,2.71,106587,2430.5,23.16,1138906,30,0,14118,1453,124935,624.5,7.87,4323,121.2,28.04,70891.25,1854982,2011
"100","WI","Wisconsin",2,3,0,1,1778018,312552,24577.7,20.97,99.2641242,94.87343713,113.8177911,113.474026,136188,447370,0,1169.2,2.61,234103,6943.9,30.01,1359984,574,0,20859,2147,399247,3028,7.82,32051,734.9,22.99,263634.75,5708785,2011
"101","WY","Wyoming",4,8,0,0,556548,10353148,5498.9,18.01,103.0411648,98.25918681,121.5253376,118.7994723,3974,467671,7591675,710.2,1.52,59429,1118,19.39,797726,670,0,11890,1224,161776,413.7,6.35,5481,139.7,25.55,41578,567631,2011
"102","DC","District of Columbia",3,5,0,0,183806,271,2453,26.66,96.4714033,285.2631579,98.21821822,103.4937888,1028,48,0,0.2,3.26,39450,1480.5,37.53,55887,59,0,0,0,33389,377.2,11.91,18,0.5,29.64,108029,620427,2011
"103","AL","Alabama",3,6,1,0,1879716,1433370,24192.8,19.96,98.66203515,102.3756739,98.95736613,99.30348259,181878,547004,488084,1808.8,3.31,294055,7665.7,27.32,1740315,141,0,70754,7435,677380,2595.8,4.28,8628,212,24.58,187283.25,4817484,2012
"104","AK","Alaska",4,9,1,0,649341,1563102,7884.5,25.09,99.34275446,95.1961656,97.93923283,100.7226014,4032,15521,31332,63,4.06,21893,1035,47.84,629768,186,0,14988,1575,347228,513.9,6.26,1314,36,27.47,61613.5,731081,2012
"105","AZ","Arizona",4,8,0,0,1395839,598039,22872.4,26.41,97.95746359,96.77695499,101.0773976,103.0835285,27267,420570,161374,879.9,2.09,256116,7361,28.74,1248032,345,0,63918,6717,339043,1802.3,5.52,6522,188.4,28.88,266130.75,2949300,2012
"106","AR","Arkansas",3,7,0,0,1067642,1472778,13755.5,19.98,95.10914494,105.8646195,97.01455694,101.5760041,96248,296732,2077,673.3,2.27,159885,3456.4,22.56,918078,808,0,20921,2198,300572,1496.5,5.53,7733,191,24.71,111541,6556236,2012
"107","CA","California",4,9,1,0,7564063,2334863,135932,24.97,97.26052656,88.61669758,100.6175531,102.5462012,280963,43832,0,133.6,3.05,885544,34852.5,39.75,5687343,121269,12519,255384,26837,2456371,13009.6,5.72,55405,1492.5,27.66,2121602.25,38062780,2012
"108","CO","Colorado",4,8,0,0,1440781,2921385,19295.6,21.81,97.98265151,106.2284349,100.1344079,102.4906015,30680,370085,629645,689.4,1.86,183174,4987.6,27.63,1282352,759,0,14247,1497,461056,2064.6,6.32,15118,332.3,22.09,277646.75,5191709,2012
"109","CT","Connecticut",1,1,1,0,725019,205073,15126.6,28.66,98.09086358,104.7402345,97.60293197,101.8841095,32800,9290,0,33.3,3.59,100628,4584.5,45.56,544358,21,0,2970,312,236260,1630.6,7.05,8988,281.3,31.29,238322.25,3594362,2012
"110","DE","Delaware",3,5,1,0,273728,3530,4040.4,24.83,100.4255819,88.78269618,101.3215638,98.06477093,5972,17384,0,58.3,3.35,39304,1266.4,32.48,221203,430,0,0,0,104421,747.7,7.43,4306,129.8,30.15,60774.25,916881,2012
"111","FL","Florida",3,5,1,0,4029903,442188,66380,25.56,97.30043936,88.27746468,98.5669336,100.5903188,244646,482984,0,1697.6,3.51,752941,23028.6,30.58,3327632,10056,0,1432,151,1348390,6982.5,5.27,17524,466.2,26.6,764645.5,19355257,2012
"112","GA","Georgia",3,5,1,0,2767491,555238,39837.2,21.73,92.78049722,101.0473481,94.14283587,101.1167985,207725,435546,0,1529.9,3.51,446900,12274.7,27.47,1946907,315,0,21281,2236,625008,3830.1,6.23,20507,527.1,25.7,434977.75,9919000,2012
"113","HI","Hawaii",4,9,1,0,280171,20485,7840.3,40.14,97.58213665,111.4647949,102.2390006,104.6948357,9604,16572,0,33.3,2.01,32889,3219,99.96,256754,2491,261,1090,115,2813,121.9,44.19,3441,127,36.91,72100.25,1392766,2012
"114","ID","Idaho",4,8,0,0,510869,154829,6720.4,20.19,98.81832496,87.61409485,101.4997508,102.7480916,31038,5186,0,15.8,3.04,80905,1642,20.3,248082,2213,75,104109,10940,90339,543.6,6.43,5318,118.5,22.29,58544.75,1595590,2012
"115","IL","Illinois",2,3,0,1,3820547,2436702,47883.4,19.35,97.02690664,111.2942542,94.11452539,99.07834101,132247,969294,1094204,2134,2.2,489758,11958.3,24.7,3044403,2042,0,1058,111,950711,6159.4,6.84,65531,1362.5,21.01,712604.25,12873763,2012
"116","IN","Indiana",2,3,0,1,2770158,1046014,32334.8,18.07,97.29452358,98.4651503,99.54253557,101.9751693,103946,1193465,826842,3883.1,3.25,358852,8611,24.4,2562415,4647,0,4125,434,657719,3874.9,6.2,20584,471.8,23.02,299906,6537632,2012
"117","IA","Iowa",2,4,0,0,1440053,677875,16583.3,18.11,96.06930879,98.36449751,95.81125818,99.6149615,216577,422595,0,703.5,1.66,155959,3524.3,22.6,1092732,1281,0,7291,766,299315,1697.7,5.87,62281,1277.6,20.51,159095.75,3075935,2012
"118","KS","Kansas",2,4,0,0,1075435,793080,13438.2,21.28,97.33826435,101.4552823,99.06378085,103.1007752,38492,307585,388,566,1.84,137481,3733.1,27.42,913457,974,0,99,10,268086,1248.6,5.72,9589,213.9,22.37,141600.25,2885966,2012
"119","KY","Kentucky",3,6,0,0,1868483,2391118,22535.8,20.79,98.17544903,84.16886729,97.0066118,101.0695187,49735,909705,2193276,2249.3,2.47,303833,6377.6,21.37,1735259,2712,0,22475,2362,232702,1191.5,5.71,32072,685.1,21.62,178209.75,4383465,2012
"120","LA","Louisiana",3,7,1,0,4255161,3789540,44310.8,15.46,96.95351898,95.38247478,82.99254747,86.08017817,113460,238811,53041,691.8,2.9,289101,5675.3,20.49,3886754,1842,0,6470,680,1586439,3929.7,3.27,565869,8111.2,14.35,243308.75,4604744,2012
"121","ME","Maine",1,1,1,0,399670,152331,7164,22.03,96.5636046,98.42792898,96.47445393,100.4559964,113103,1299,0,6.1,4.69,39446,1365.7,34.62,244896,72,0,35519,3733,70451,530.9,7.62,10825,327.6,30.27,52606,1328592,2012
"122","MD","Maryland",3,5,1,0,1368600,245197,22470.7,25.75,97.06300372,89.85458916,97.43392954,100.9408075,49822,192334,54088,681.1,3.54,210908,6973.7,33.07,857053,570,0,15764,1657,216678,1802.8,8.63,9977,331.8,33.26,331423.75,5891819,2012
"123","MA","Massachusetts",1,1,1,0,1363282,110384,26511.6,26.85,97.57494467,107.1086184,96.45808092,102.8735632,57348,24036,0,90.4,3.76,188729,7626.7,40.41,982397,859,0,8683,912,430921,3407.9,7.98,9254,315.2,34.06,432256.25,6655829,2012
"124","MI","Michigan",2,3,0,1,2687926,626107,38965.2,21.46,96.50705225,91.95866386,98.92707894,102.975048,140729,621633,0,1917.8,3.09,357640,11422.9,32.29,2186354,5193,0,11561,1215,804084,5628.3,7.38,35551,798.5,22.5,417328.25,9884781,2012
"125","MN","Minnesota",2,4,0,1,1816866,417674,24201.2,20.14,98.1692277,98.17874957,99.603253,101.7171717,150916,257875,0,538.1,2.09,231977,5970.3,26.06,1281593,1075,0,5339,561,430286,2252.3,5.56,27850,611.4,22.05,294728.75,5380615,2012
"126","MS","Mississippi",3,6,1,0,1143099,390246,15314.7,20.75,98.93055209,88.4227842,100.8295641,99.66378482,84165,82456,30537,367.5,4.46,165099,4040.3,25.5,989634,958,0,0,0,499946,1640.5,3.82,8627,222.6,25.81,102082.75,2986137,2012
"127","MO","Missouri",2,4,0,0,1781978,203118,25904.3,22.85,95.98123441,102.7332409,97.50445096,101.6459075,62496,768297,9197,1448.7,1.89,281269,7029.5,24.99,1623633,352,0,6797,714,258945,2210.5,8.71,22703,493.2,21.72,265178.25,6025281,2012
"128","MT","Montana",4,8,0,0,395724,1008736,5569.9,21.89,98.35195288,91.35736054,97.68155592,100.7363092,7601,157308,660148,255.2,1.62,47302,1132.6,24.32,405716,337,0,107373,11283,75234,455.2,7.36,8061,168.4,20.91,42137.75,1005163,2012
"129","NE","Nebraska",2,4,0,0,852984,357156,10138.1,19.87,98.87663373,91.38912202,101.4225833,102.9533679,107042,272587,0,427.6,1.57,105185,2581.1,24.54,668116,1212,0,11962,1257,161774,837.2,5.44,9757,211.5,21.67,102163,1855487,2012
"130","NV","Nevada",4,8,0,0,639190,60252,10113,23.8,101.0329484,111.9779954,103.251825,101.4925373,9154,52850,0,139.8,2.65,120034,3098.5,26.38,548427,23886,2347,23223,2440,281432,1328.5,4.86,4125,115.3,28.39,125204.5,2755245,2012
"131","NH","New Hampshire",1,1,1,0,284490,129929,5950.6,28.61,97.10252271,98.49149857,98.00872931,103.3224991,35301,14191,0,57.8,4.07,37089,1542.8,41.6,224415,29,0,12270,1289,74336,547.6,7.37,15243,462.9,30.37,66012.75,1321297,2012
"132","NJ","New Jersey",1,2,1,0,2241207,393682,39242,24.43,92.92611874,100.7037047,91.7879255,101.0339123,61003,25589,0,103.7,4.05,256081,10239.7,40.12,1647100,466,0,102,11,670970,4823,7.3,6972,231.5,33.21,518422.5,8876000,2012
"133","NM","New Mexico",4,8,0,0,666540,2315892,8855.4,24,99.68071186,102.4422287,101.4968825,102.0842195,16179,263439,409050,575.5,2.18,79085,1997.5,26.21,745336,368,0,2120,223,249815,725.4,5.15,7683,199.8,26.01,90535.25,2084594,2012
"134","NY","New York",1,2,1,1,3503309,817908,65453.9,25.49,97.01525107,93.00803393,98.70879398,100.2753737,122513,72914,0,266.2,3.65,488471,21683.2,44.39,2593481,1185,0,234593,24652,1260950,9323.4,7.5,26543,847.8,31.94,1299813.5,19607140,2012
"135","NC","North Carolina",3,5,1,0,2481060,560887,36240.3,23.79,96.96216027,97.92090029,100.2614412,102.4547804,142163,534713,0,2025.9,3.79,437026,11720.6,26.82,1654828,967,0,35475,3728,367948,2423.1,6.69,36513,943.7,25.85,439332.5,9748181,2012
"136","ND","North Dakota",2,4,0,0,552326,2135154,7095.5,18.3,104.5066489,140.6181219,109.4832508,105.5363322,25455,406344,366826,873.9,2.15,50214,1139.8,22.99,678850,978,0,23573,2477,77469,241.4,5.16,9057,194.2,21.52,52197.25,701705,2012
"137","OH","Ohio",2,3,0,1,3655849,1067944,49523.1,20.71,96.39464903,100.0000936,97.80254286,100.6316812,115615,1019140,642149,2940.6,2.89,520183,13788.3,26.84,2984206,3435,0,3941,414,869934,5388.4,6.42,23914,609.6,25.57,544551.75,11550901,2012
"138","OK","Oklahoma",3,7,0,0,1561913,2950525,19780.9,20.34,98.53022813,109.1049036,100.0708255,102.1597187,41310,327089,22004,666.2,2.04,202470,4442,22.16,1567142,24,0,10901,1146,712411,3102.3,5.3,8764,192.2,21.99,173911.5,3817059,2012
"139","OR","Oregon",4,9,1,0,975044,496254,14994.4,22.78,97.26357539,96.62322794,100.4697038,101.8328118,61814,28259,0,55.6,1.97,159302,3834.9,24.07,575060,1476,26,375027,39410,220578,1337.9,6.2,5689,138.2,24.3,196982.25,3898684,2012
"140","PA","Pennsylvania",1,2,0,1,3623997,4730336,54238.3,22.97,97.28814442,122.2097151,97.81672856,100.745614,141507,1093178,1390644,3282.6,3,493750,14218.8,29.12,3324396,2162,0,21334,2242,1079497,6576.7,7.09,48347,1456.2,30.12,626315.5,12770043,2012
"141","RI","Rhode Island",1,1,1,0,183879,2822,3844,26.59,99.00285897,82.53875402,98.37995547,101.6437309,5609,0,0,0,0,26301,982.1,37.34,178036,57,0,41,4,98435,670.3,6.88,1455,52.5,36.1,51491.75,1052637,2012
"142","SC","South Carolina",3,5,1,0,1558766,646738,20946,21.83,97.30847672,97.70961689,99.1803628,102.2003745,117091,298572,0,1189.5,3.98,265389,7079.7,26.68,1012652,648,0,13515,1420,250482,1268.9,5.14,8411,214.3,25.48,175434,4722621,2012
"143","SD","South Dakota",2,4,0,0,375950,248616,4786.1,21.05,99.33416123,100.0990458,104.127143,103.0347528,58812,35574,0,80,2.25,40037,996.3,24.88,225164,1868,0,56915,5981,71501,376.1,5.87,6231,136,21.83,43258.5,834504,2012
"144","TN","Tennessee",3,6,0,0,2080953,468757,28787.6,22.37,94.78692048,92.51156007,96.40469907,100.993228,96477,423086,28372,1204.3,2.85,328854,8860.3,27.23,1355061,213,0,78942,8296,281007,1578.8,6.01,9047,235.1,26.06,280843,6455177,2012
"145","TX","Texas",3,7,1,0,11931169,14180982,152010.2,19.1,100.2093019,112.8030736,93.108247,92.94403893,200181,1498818,578697,2865.1,1.91,1245735,30604.4,25.33,11054960,2478,0,5562,584,3964121,11266.1,3.52,1555977,23014.5,14.8,1440819,26094422,2012
"146","UT","Utah",4,8,0,0,790154,1118599,10604.7,20.96,99.50834826,99.09445342,101.1319855,104.5908184,9560,322055,387129,629.5,1.95,101416,2303.4,23.1,829676,3993,335,7116,748,232630,1063.6,5.86,4285,98.9,23.45,129012.25,2855194,2012
"147","VT","Vermont",1,1,0,0,130412,77979,3227.9,29.2,86.66688819,96.65580029,100.1458178,104.8097631,16070,0,0,0,0,18803,783.6,41.68,84141,29,0,10555,1109,8290,91.8,11.23,9153,279.9,30.58,28146,626138,2012
"148","VA","Virginia",3,5,1,0,2343908,1045095,34366.7,22.69,98.44539216,96.30135068,102.8213513,101.9775281,118265,222270,493398,899,4.04,367796,9779.5,26.59,1432460,1701,0,9933,1044,424050,2426.8,5.98,18335,433.4,23.64,444527.5,8193422,2012
"149","WA","Washington",4,9,1,0,2037127,1108998,27632.5,21.79,98.90742512,100.7094169,101.9965598,101.1606314,112884,42656,0,89.1,2.09,315052,6349.4,20.49,1049562,1136,0,851343,89464,271947,2260.5,9,16186,410.8,25.83,390153.25,6896325,2012
"150","WV","West Virginia",3,5,0,0,720985,3720223,8945.3,21.13,99.26260531,97.38286159,99.13227537,104.4488384,24257,756716,3059090,2062.2,2.73,105148,2482,23.91,1083056,32,0,13622,1431,140133,542.5,7.2,4030,123.3,30.6,70914.75,1856313,2012
"151","WI","Wisconsin",2,3,0,1,1721543,333635,24139.9,21.41,96.82371045,106.7454376,98.21871046,102.0982356,133110,373281,0,937.8,2.51,234814,7015.7,30.25,1283286,615,0,14486,1522,410305,2563,6.42,27669,573.3,20.77,273879.75,5724888,2012
"152","WY","Wyoming",4,8,0,0,550182,9611304,5728.4,18.52,98.85616335,92.83460451,104.173562,102.8317601,4165,490128,6973727,724.1,1.48,57906,1189.9,21.19,821266,663,0,8502,893,158546,380.6,5.61,4817,103.3,21.52,39909,576893,2012
"153","DC","District of Columbia",3,5,0,0,172963,277,2218.2,25.5,94.10084546,102.2140221,90.42804729,95.64891223,819,77,0,0.2,3.08,38415,1334.7,34.74,49025,22,0,0,0,29389,316.3,11.18,27,0.7,27.11,109760,635040,2012
"154","AL","Alabama",3,6,1,0,1919365,1463647,24127,19.02,102.109308,102.1122948,99.72801825,95.29058116,194432,565051,469162,1731.6,3.06,299751,7901.4,26.47,1689491,141,0,123071,12899,625869,3090.9,5.38,9094,221.7,24.45,191605.25,4833996,2013
"155","AK","Alaska",4,9,1,0,621107,1513859,7281.9,24.6,95.65189939,96.84966176,92.35715645,98.04703069,5168,14819,24917,72.6,4.9,21387,1005.2,48.37,600660,186,0,13696,1435,332963,495.4,6.78,1272,33.2,26.07,59890.75,737259,2013
"156","AZ","Arizona",4,8,0,0,1414383,594994,22841.1,26.05,101.32852,99.49083588,99.86315384,98.63687997,26492,454865,163691,946.8,2.08,258159,7669.3,29.71,1289119,345,0,56432,5915,340375,2026.2,6.19,7576,223.3,29.47,271072.5,2958765,2013
"157","AR","Arkansas",3,7,0,0,1096438,1432074,14102.1,19.54,102.6971588,97.23624334,102.5197194,97.7977978,95356,327099,1433,789.4,2.41,159283,3686.7,23.29,936796,808,0,25329,2655,286352,1679,6.44,8864,217.7,24.62,116651.5,6634997,2013
"158","CA","California",4,9,1,0,7665241,2390424,137050.7,24.85,101.3376145,102.3796257,100.822985,99.51942331,294412,38151,0,129.5,3.39,891666,37028.1,42.01,5755210,119556,12307,226643,23755,2483208,14808.6,6.51,54438,1493.1,27.94,2215231.5,38431393,2013
"159","CO","Colorado",4,8,0,0,1470844,2838193,19670.7,21.14,102.0865767,97.15230961,101.9439665,96.92801467,35382,363532,529096,703.4,1.93,182343,5258.2,29.01,1303825,759,0,11572,1213,487445,2355.3,6.35,17952,423.8,23.81,288809,5272086,2013
"160","CT","Connecticut",1,1,1,0,754901,207118,15364.3,27.69,104.1215472,100.9972059,101.571404,96.61549197,34153,7679,0,32.3,4.21,101761,4669.1,45.88,560141,21,0,3835,402,241509,1922.3,8.11,10949,330.7,30.21,242417,3599341,2013
"161","DE","Delaware",3,5,1,0,273716,3818,3856.6,24.28,99.99561609,108.1586402,95.45094545,97.78493758,5977,18254,0,58.4,3.2,38719,1215.7,32.11,213411,430,0,0,0,100106,701.7,7.86,4675,139.5,29.84,61423.75,925240,2013
"162","FL","Florida",3,5,1,0,4076406,542570,66108.5,25.13,101.1539484,122.701204,99.59099126,98.31768388,253961,505155,0,1736.5,3.44,757189,22678.3,29.95,3273949,10056,0,2425,254,1245287,6852.9,5.59,16807,448.1,26.66,797343.5,19600311,2013
"163","GA","Georgia",3,5,1,0,2782782,581082,39938.5,21.37,100.5525221,104.6545806,100.2542849,98.34330419,233509,426184,0,1371.6,3.22,445257,12647.6,28.41,1928374,315,0,35431,3714,635287,4417.7,7.06,17424,433.8,24.9,450933.5,9994759,2013
"164","HI","Hawaii",4,9,1,0,281329,25465,7645.3,38.6,100.413319,124.3104711,97.51285027,96.163428,11179,15306,0,32.4,2.12,32425,3153.6,97.51,252836,2630,275,747,78,2805,118.2,42.15,3211,104.6,32.58,74011.75,1408987,2013
"165","ID","Idaho",4,8,0,0,526613,138799,6990.4,20.2,103.0818077,89.64664242,104.017618,100.0495295,33286,7965,0,21.8,2.73,82598,1832.6,22.19,270907,1881,40,80845,8473,106356,620.5,6.19,6604,159.5,24.15,61110.75,1612843,2013
"166","IL","Illinois",2,3,0,1,3991089,2519993,49122.2,18.54,104.4638111,103.4181857,102.5871179,95.81395349,135697,1026925,1149607,2128.4,2.07,483838,11518.5,24.35,3266060,2042,0,1148,120,1073734,7260.8,7.2,78680,1770.1,22.59,720494.5,12890552,2013
"167","IN","Indiana",2,3,0,1,2894764,1106441,33414.8,17.86,104.498155,105.7768825,103.3400547,98.83785279,108119,1198611,883260,3568.9,2.98,359923,9112,25.65,2632450,4647,0,3692,387,682842,4405.2,6.69,25008,615.3,24.74,310669.25,6570713,2013
"168","IA","Iowa",2,4,0,0,1518870,730473,17434.4,17.92,105.4732013,107.7592476,105.1322716,98.95085588,227495,402402,0,736.5,1.83,159358,3769,23.65,1125533,1281,0,7147,749,331358,2045.9,6.4,70963,1558.7,21.97,163495.25,3092341,2013
"169","KS","Kansas",2,4,0,0,1105160,830704,14104,21.42,102.7639978,104.7440359,104.9545326,100.6578947,40855,326817,541,580.8,1.78,135959,3790.1,28.68,963626,974,0,139,15,288840,1569.1,6.97,11228,267.3,24.04,142773.5,2895801,2013
"170","KY","Kentucky",3,6,0,0,1838898,2138426,22805.3,20.88,98.41662996,89.43205647,101.195875,100.4329004,55168,914774,1940060,2199.9,2.4,289214,6471.4,22.58,1737960,2712,0,31249,3275,236423,1418,6.65,48525,1091.1,22.52,182696.25,4399583,2013
"171","LA","Louisiana",3,7,1,0,4196622,3208044,44637.9,15.67,98.62428237,84.6552352,100.7381948,101.3583441,125789,228055,38079,666.9,2.92,292777,6349.7,24.3,3785289,1842,0,9966,1045,1499625,4729.4,4.19,613368,8491.7,13.86,238308.25,4629284,2013
"172","ME","Maine",1,1,1,0,409785,155380,7512.4,21.86,102.5308379,102.0015624,104.8632049,99.22832501,116850,1657,0,8.1,4.87,40449,1405.7,34.75,253371,72,0,33970,3560,66014,590.9,9.07,13201,382.6,28.98,53299.75,1328702,2013
"173","MD","Maryland",3,5,1,0,1395961,248554,22856.9,25.47,101.9991963,101.3691032,101.7186826,98.91262136,54874,183191,45290,620.7,3.39,211201,7215.5,34.16,847590,570,0,16477,1727,207422,1912.9,9.42,11389,375,32.92,337422,5938737,2013
"174","MA","Massachusetts",1,1,1,0,1428433,102521,27681.7,26.5,104.7789819,92.87668503,104.4135397,98.69646182,60267,42208,0,179.5,4.25,188564,8019.9,42.53,1030817,859,0,9460,992,434893,4102.9,9.5,11098,363.7,32.77,438640.75,6708874,2013
"175","MI","Michigan",2,3,0,1,2832425,654767,40621.4,20.48,105.3758548,104.5774923,104.2504594,95.4333644,148084,658172,0,1901.6,2.89,351567,11520.6,32.89,2304114,5193,0,13539,1419,828483,6047.9,7.59,47132,1145.7,24.33,431111.5,9898193,2013
"176","MN","Minnesota",2,4,0,1,1858816,405967,24881.5,19.87,102.308921,97.1970963,102.8110176,98.65938431,148505,267695,0,566.5,2.12,234214,6379.2,27.69,1328816,1075,0,4877,511,474891,2838.2,6.31,36574,853.1,23.4,307215.75,5422060,2013
"177","MS","Mississippi",3,6,1,0,1138181,410271,15793.9,21.33,99.56976605,105.1313787,103.1290198,102.7951807,70216,97767,37197,387.1,3.96,166444,4373.3,26.9,942046,958,0,0,0,427323,1811.3,4.86,10027,249.5,25.11,103269.75,2992206,2013
"178","MO","Missouri",2,4,0,0,1847506,191759,26667.6,22.57,103.677262,94.4076842,102.946615,98.77461707,71490,806549,9101,1553,1.93,284585,7538.1,26.49,1689057,352,0,10843,1136,280845,2426.6,8.82,25820,605.2,23.44,274540.5,6044917,2013
"179","MT","Montana",4,8,0,0,405934,1104932,5621,22.07,102.5800811,109.536291,100.9174312,100.8222933,8632,166104,753246,307,1.85,47922,1158.2,25.74,422138,337,0,91959,9638,81900,472.7,7.43,7786,176.4,22.65,43223.25,1014864,2013
"180","NE","Nebraska",2,4,0,0,871815,370523,10323.1,19.39,102.2076616,103.7426223,101.8247995,97.58429794,107097,292956,0,423.1,1.44,104750,2682.6,25.61,705960,1212,0,10723,1124,178752,994.8,5.8,12280,287.7,23.43,107187.5,1868969,2013
"181","NV","Nevada",4,8,0,0,659568,70208,10243.6,22.88,103.1880974,116.5239328,101.2914071,96.13445378,10021,64838,0,180.9,2.79,120141,3180,26.47,569355,27022,2670,25588,2682,281972,1492.7,5.39,4444,134,30.15,126935.5,2791494,2013
"182","NH","New Hampshire",1,1,1,0,304538,166328,6118.6,27.88,107.0469964,128.014531,102.8232447,97.4484446,40393,16778,0,70.6,4.21,37680,1579.1,41.91,214922,29,0,13617,1427,55649,566,10.18,16495,488.3,29.6,67306.5,1322616,2013
"183","NJ","New Jersey",1,2,1,0,2311685,403225,39447.6,23.75,103.1446448,102.4240377,100.5239284,97.21653704,65208,25910,0,100.3,3.87,254680,10152.7,40.21,1704155,466,0,174,18,712948,5350.9,7.85,7711,249.1,32.3,530091.25,8911502,2013
"184","NM","New Mexico",4,8,0,0,670257,2367423,8959.8,23.5,100.557656,102.2251038,101.1789417,97.91666667,17990,256377,400228,592.9,2.31,78698,2106.6,27.25,741402,368,0,876,92,252867,883,5.83,8501,216.4,25.46,91344.5,2086895,2013
"185","NY","New York",1,2,1,1,3626150,872500,66230.7,24.85,103.5064278,106.6745893,101.1867895,97.48921146,129687,68707,0,236.5,3.44,504618,22835.6,45.25,2629451,1185,0,238270,24973,1315282,10666,8.22,29634,936.4,31.6,1335063.5,19695680,2013
"186","NC","North Carolina",3,5,1,0,2530649,606427,37527.2,23.39,101.9987022,108.1192825,103.5510192,98.31862127,148324,493771,0,1881.8,3.81,442809,11991.2,27.08,1734549,967,0,65838,6901,445898,3076.6,6.96,33150,868.5,26.2,454450,9848917,2013
"187","ND","North Dakota",2,4,0,0,594439,2634178,7748.7,18.49,107.6246637,123.3718036,109.2058347,101.0382514,26067,393193,369479,852.1,2.17,54704,1298.9,24.07,701050,978,0,17674,1852,88285,279.8,5.08,12682,286.6,22.63,54441.25,723857,2013
"188","OH","Ohio",2,3,0,1,3739974,1149882,50067,20.02,102.3011071,107.6724997,101.0982754,96.6682762,126808,1104486,612270,2853,2.58,512848,13715,27.08,3170468,3435,0,5240,549,954374,6029.9,6.54,26992,738.4,27.53,558969,11572005,2013
"189","OK","Oklahoma",3,7,0,0,1620837,3137443,19581.1,19.87,103.7725533,106.335076,98.98993474,97.6892822,42616,335925,25054,697.9,2.08,204478,4629.3,23.23,1537652,24,0,20781,2178,682277,3146.3,5.9,10666,253.3,23.75,182447.25,3853118,2013
"190","OR","Oregon",4,9,1,0,991867,458848,14882.5,22.2,101.725358,92.46232776,99.25372139,97.45390694,71299,38900,0,78.4,2.01,162551,4018.9,24.72,608017,2803,165,315785,33098,244025,1495.3,6.23,6013,150.5,25.04,197732.75,3928068,2013
"191","PA","Pennsylvania",1,2,0,1,3826959,5873742,54519.6,21.67,105.6005013,124.1717713,100.5186372,94.34044406,154219,1126118,1379262,3358.7,2.98,499018,14242.2,28.82,3472175,2162,0,24088,2525,1176660,7570.5,7.63,48235,1422.2,29.49,645382.5,12781296,2013
"192","RI","Rhode Island",1,1,1,0,199165,2627,4008,26.21,108.3130754,93.09000709,104.2663892,98.57089131,5458,0,0,0,0,26549,1067.3,40.2,171472,57,0,42,4,88274,755.2,8.67,1711,58.7,34.31,52808.5,1053354,2013
"193","SC","South Carolina",3,5,1,0,1590456,690644,21735.9,21.99,102.0330184,106.7888388,103.7711258,100.7329363,113934,257319,0,968.4,3.76,268190,7264.7,27.09,975757,648,0,30152,3160,236710,1458.2,6.23,8755,227.7,26.01,180855.75,4771929,2013
"194","SD","South Dakota",2,4,0,0,389619,236679,4771.3,20.33,103.6358558,95.19861956,99.69077119,96.57957245,61515,34246,0,71.2,2.08,41660,1081.4,25.96,231578,1868,0,38761,4063,83871,462,6.09,7501,175,23.32,44909.5,845510,2013
"195","TN","Tennessee",3,6,0,0,2132508,544916,29033,21.73,102.4774707,116.2470107,100.8524504,97.13902548,98518,399768,28376,1052,2.63,330773,8817.5,26.81,1344036,213,0,118721,12443,285308,1850,6.82,9879,279.2,28.43,289266.25,6497269,2013
"196","TX","Texas",3,7,1,0,12660976,15688922,158213.9,19.08,106.1168105,110.6335372,104.0811077,99.89528796,197910,1597357,564850,3189.5,2,1292524,32034.7,25.67,11616497,2478,0,4580,480,4143328,14021.6,4.46,1650880,23641.4,14.33,1527158.5,26505637,2013
"197","UT","Utah",4,8,0,0,831668,1122868,11068.3,20.52,105.2539125,100.3816381,104.3716465,97.90076336,10581,355230,385736,727.6,2.05,103977,2462,23.97,897843,3851,319,4818,505,258909,1264.7,6.29,5084,121,23.81,134922.25,2902787,2013
"198","VT","Vermont",1,1,0,0,137527,84188,3325.3,28.29,105.4557863,107.9624001,103.0174417,96.88356164,20794,0,0,0,0,19065,816.6,42.83,89119,29,0,12269,1286,9746,101.6,10.52,10391,310,29.84,28610.75,626855,2013
"199","VA","Virginia",3,5,1,0,2414477,1023009,34350.5,22.04,103.010741,97.8866993,99.95286135,97.1353019,132138,290508,456766,1051.9,3.62,377066,9896.8,26.25,1512226,1701,0,11961,1254,435247,2798.4,6.7,22539,529.4,23.49,451877.5,8270345,2013
"200","WA","Washington",4,9,1,0,2036309,1003330,26597.1,21.51,99.95984541,90.47175919,96.252963,98.71500688,119013,74955,0,154.9,2.07,316916,6521.4,20.94,1113069,1136,0,745678,78155,327840,2267.9,8.02,16138,411.9,26.04,402789,6973742,2013
"201","WV","West Virginia",3,5,0,0,743612,3809750,8940.3,20.48,103.1383455,102.4064955,99.94410473,96.92380502,30008,771188,2874653,2021.9,2.62,107136,2483.3,23.2,1113141,32,0,16590,1739,153875,595.8,6.95,5866,181.3,30.91,72762.5,1853595,2013
"202","WI","Wisconsin",2,3,0,1,1813458,310413,24929.5,20.43,105.3391057,93.03969907,103.2709332,95.42269967,134199,454554,0,1108.9,2.44,235851,7256,30.82,1418732,615,0,18880,1979,453608,3011.4,6.7,36388,814.5,22.39,281549.25,5742953,2013
"203","WY","Wyoming",4,8,0,0,539146,9233869,5532.1,18.41,97.99411831,96.07300945,96.57321416,99.40604752,4694,520699,6760447,813,1.56,58187,1254.7,22.24,839683,663,0,6782,711,155960,377.5,5.58,5113,118.6,23.2,40456.5,583223,2013
"204","DC","District of Columbia",3,5,0,0,175560,323,2229.1,24.63,101.5014772,116.6064982,100.4913894,96.58823529,855,4,0,0,3.15,37824,1314,34.74,53357,22,0,0,0,34315,375.1,11.43,25,0.7,28.24,111816.5,649111,2013
"205","AL","Alabama",3,6,1,0,1958221,1353725,24146.5,18.64,102.0244195,92.48985582,100.0808223,98.00210305,186649,575912,414366,1677.3,2.91,308765,8363.3,27.2,1724891,141,0,90030,9467,651532,3521.2,5.81,8460,226.6,26.79,197534.5,4849377,2014
"206","AK","Alaska",4,9,1,0,603119,1475129,6890.6,24.43,97.10388065,97.44163756,94.62640245,99.30894309,5476,18225,22944,88.8,4.87,21034,1055.8,51.27,581369,186,0,14633,1539,329585,480.8,6.99,1190,32.9,27.65,58066.75,736732,2014
"207","AZ","Arizona",4,8,0,0,1422590,635050,22609.6,25.94,100.580253,106.7321687,98.98647613,99.57773512,31481,447849,173337,944.6,2.11,260328,7764.4,29.83,1256577,345,0,58185,6118,315448,2155.7,7.15,7373,223.2,30.28,281558.75,2966369,2014
"208","AR","Arkansas",3,7,0,0,1114409,1454325,13884.9,18.87,101.6390348,101.5537605,98.45980386,96.57113613,95963,339214,1864,820.9,2.42,160638,3703.5,23.19,939788,808,0,25104,2640,274767,1849.4,7.44,9145,235.6,25.8,121064.75,6731484,2014
"209","CA","California",4,9,1,0,7620082,2413494,137719.8,25.31,99.41086001,100.9651008,100.4882135,101.8511066,298473,39486,0,135.3,3.43,895939,39424.1,44.49,5702418,117226,12102,157213,16531,2417476,16127.9,7.39,51472,1424.7,28.42,2324995.5,38802500,2014
"210","CO","Colorado",4,8,0,0,1477177,3041634,19994.4,21.25,100.4305691,107.1679762,101.6455947,100.5203406,36073,350526,528242,683.5,1.95,182189,5345.7,29.52,1313834,759,0,16831,1770,499668,2686.4,7.13,16341,419,25.76,305366.75,5355866,2014
"211","CT","Connecticut",1,1,1,0,750019,197271,15483.4,27.84,99.35329268,95.24570535,100.7751736,100.5417118,36011,9097,0,38.8,4.27,100157,5004,49.96,559695,21,0,4127,434,240614,2162,9.17,10083,329.9,32.71,250763.75,3596677,2014
"212","DE","Delaware",3,5,1,0,274013,4189,3848.5,23.77,100.1085066,109.7171294,99.78997044,97.89950577,6249,10238,0,31.5,3.08,38687,1239.2,33.16,213655,430,0,0,0,106854,752.7,7.83,4872,154.3,31.67,65484.75,935614,2014
"213","FL","Florida",3,5,1,0,4121680,553738,66413.6,24.91,101.1106352,102.0583519,100.461514,99.12455233,250043,557882,0,1857.5,3.33,771379,24339.3,31.55,3350291,10056,0,2010,211,1246670,7468,6.04,16502,481.4,29.18,835578.5,19893297,2014
"214","GA","Georgia",3,5,1,0,2850990,597955,39727.8,20.95,102.4510723,102.903721,99.47243887,98.03462798,252985,482657,0,1521.1,3.15,463315,13613.7,29.38,1985059,315,0,29142,3064,666771,4963.1,7.52,19087,517.8,27.13,471879.5,10097343,2014
"215","HI","Hawaii",4,9,1,0,281206,27166,7378.6,37.38,99.95627895,106.6797565,96.51158228,96.83937824,10950,17241,0,44.7,2.59,32330,3159.3,98,250786,2422,254,895,94,2805,117,41.71,3192,106.6,33.38,76424.75,1419561,2014
"216","ID","Idaho",4,8,0,0,519935,154936,6980.2,20.43,98.7318961,111.6261645,99.8540856,101.1386139,40040,7472,0,24.4,3.26,79272,1841.5,23.23,260704,2252,79,85611,9002,94319,608.5,6.74,4962,128.6,25.92,63364,1634464,2014
"217","IL","Illinois",2,3,0,1,4042313,2683815,51550,19.02,101.2834592,106.5008911,104.9423682,102.5889968,138402,1017855,1293541,2154.5,2.12,482935,13026.9,27.6,3304158,2042,0,1258,132,1116417,9087.5,8.62,67730,1697.4,25.66,742027.75,12880580,2014
"218","IN","Indiana",2,3,0,1,2931630,1123098,34151.9,17.94,101.2735408,101.5054576,102.2059088,100.4479283,112781,1221492,886370,3513.9,2.88,364888,9583.6,26.63,2709827,4647,0,3530,371,727758,5266.2,7.49,22520,621.2,28.5,324289,6596855,2014
"219","IA","Iowa",2,4,0,0,1541900,757014,18021.8,18.24,101.5162588,103.6333992,103.3692011,101.7857143,241138,401151,0,722.7,1.8,161053,3847.3,23.89,1137920,1281,0,8356,879,342431,2578.6,7.83,68131,1705.3,25.03,170715,3107126,2014
"220","KS","Kansas",2,4,0,0,1132354,880650,14646.3,21.46,102.4606392,106.0124906,103.8450085,100.1867414,45862,316572,1474,568.5,1.8,138396,4032.6,29.97,965093,974,0,154,16,289697,1754.8,7.73,11283,310.8,27.54,146562,2904021,2014
"221","KY","Kentucky",3,6,0,0,1770741,2055121,22467,20.75,96.2935954,96.10437771,98.5165729,99.37739464,57195,913452,1869335,2177.9,2.38,268998,6378.5,23.96,1754132,2712,0,29895,3144,261233,1762.4,7.4,36157,950.1,26.58,188518,4413457,2014
"222","LA","Louisiana",3,7,1,0,4279443,2852411,45399.7,15.49,101.9735158,88.91433534,101.7066215,98.85130823,144404,209973,35541,626.6,2.98,309224,6777.8,24.4,3810396,1842,0,10366,1090,1563857,5792.4,4.9,617916,9278.9,15.03,245790.75,4649676,2014
"223","ME","Maine",1,1,1,0,410530,151257,7557.6,22.62,100.1818027,97.34650534,100.6016719,103.4766697,111979,2142,0,10.5,4.89,40953,1518.4,37.08,252829,72,0,34457,3623,62355,623.1,10.21,12801,410.8,32.09,55029,1330089,2014
"224","MD","Maryland",3,5,1,0,1400614,250058,22951.3,25.25,100.3333188,100.6050999,100.4130044,99.13623871,53814,201220,46194,595.2,2.96,210465,7464.6,35.47,878993,570,0,15364,1616,217440,2151.4,10.21,12185,432.2,35.47,350262.5,5976407,2014
"225","MA","Massachusetts",1,1,1,0,1437640,124671,27574.4,26.36,100.6445525,121.6053296,99.6123793,99.47169811,61735,29871,0,129.4,4.33,185849,8363.5,45,1011008,859,0,8579,902,433246,4599.2,10.78,11534,411.8,35.7,456273,6745408,2014
"226","MI","Michigan",2,3,0,1,2881550,682788,40740.1,20.01,101.7343796,104.2795376,100.2922105,97.70507813,150125,618479,0,1735.2,2.81,352508,11364.6,32.38,2329372,5193,0,15216,1600,878699,6993.8,8.26,46050,1273.4,27.78,447221.25,9909877,2014
"227","MN","Minnesota",2,4,0,1,1912065,466967,25312.2,19.65,102.864673,115.0258519,101.731005,98.89280322,162992,313073,0,642.6,2.05,234470,6459.9,28.04,1385193,1075,0,5216,548,489901,3646.8,7.88,39558,1042.8,26.76,320381.25,5457173,2014
"228","MS","Mississippi",3,6,1,0,1155549,402842,15948.5,20.78,101.5259436,98.18924564,100.9788589,97.42147211,71994,116537,39072,383,3.29,168582,4668.6,28.35,982217,958,0,0,0,440003,2129.2,5.47,10676,292.9,27.55,104937.5,2994079,2014
"229","MO","Missouri",2,4,0,0,1903839,199586,26719,21.94,103.0491376,104.0816859,100.1927433,97.20868409,74839,780707,8206,1578.1,2.02,286193,7644.4,26.71,1694147,352,0,6632,697,301360,2631.9,8.92,27023,721.1,26.69,283280.25,6063589,2014
"230","MT","Montana",4,8,0,0,403446,1161804,5527.5,21.72,99.38709248,105.1471041,98.33659491,98.41413684,8888,175357,790673,322.1,1.84,48117,1163.6,25.76,423897,337,0,109201,11483,79260,527.7,8.29,8298,204.2,24.6,44672.25,1023579,2014
"231","NE","Nebraska",2,4,0,0,864347,401699,10330.1,19.26,99.14339625,108.4140526,100.0678091,99.32955132,102397,276544,0,395.5,1.43,103118,2671.4,25.91,691958,1212,0,11010,1158,179544,1125,6.54,10349,280.1,27.06,110663.25,1881503,2014
"232","NV","Nevada",4,8,0,0,660256,71140,10513,23.52,100.1043107,101.327484,102.6299348,102.7972028,10681,79230,0,202.6,2.56,119678,3411.2,28.5,568174,27499,2729,22719,2389,259438,1638.7,6.44,4059,122.4,30.14,134052.25,2839099,2014
"233","NH","New Hampshire",1,1,1,0,310142,161033,6360.8,27.86,101.8401644,96.81653119,103.9584219,99.92826399,43200,14867,0,63.5,4.27,37341,1665.7,44.61,225508,29,0,13137,1381,58841,542.7,9.24,19027,616.3,32.39,70345.25,1326813,2014
"234","NJ","New Jersey",1,2,1,0,2340188,388386,39116.9,22.78,101.2329967,96.31992064,99.1616727,95.91578947,67456,30731,0,121.3,3.95,252031,10190.7,40.98,1799165,466,0,164,17,798602,6046.6,7.86,7881,273.6,34.72,545374.25,8938175,2014
"235","NM","New Mexico",4,8,0,0,679136,2514744,9019.7,23.37,101.3247157,106.2228423,100.6685417,99.44680851,17189,215348,400158,812.4,3.77,78869,2205.2,28.45,711338,451,9,936,98,256085,974.6,6.5,7187,198.1,27.56,94791.5,2085572,2014
"236","NY","New York",1,2,1,1,3742892,871720,68056.2,24.57,103.2194476,99.91060172,102.7562747,98.87323944,134792,64655,0,218.4,3.38,502833,23950.5,47.63,2747588,1185,0,248086,26087,1386580,11638.1,8.56,33225,1126.1,33.89,1385776.25,19746227,2014
"237","NC","North Carolina",3,5,1,0,2554776,595660,37283.2,23.02,100.9533918,98.22451837,99.34980494,98.4181274,145560,501592,0,1805,3.6,454249,12421.6,27.35,1761282,967,0,45230,4756,460876,3500,7.66,36489,1033.4,28.32,474355.25,9943964,2014
"238","ND","North Dakota",2,4,0,0,640095,3261360,8209.6,18.51,107.6805189,123.8094009,105.9480945,100.1081666,26745,399195,389673,866,2.17,62234,1511,24.7,723128,978,0,24073,2531,90629,363,6.47,10982,287.7,26.57,58230,739482,2014
"239","OH","Ohio",2,3,0,1,3809648,1547368,51385.5,20.01,101.8629541,134.5675469,102.6334711,99.95004995,129920,1057377,541830,2567.7,2.43,514119,14538.3,28.62,3208044,3435,0,4546,478,1044986,7437.8,7.41,27457,843.4,31.78,588827.75,11594163,2014
"240","OK","Oklahoma",3,7,0,0,1679856,3572829,20496.9,19.97,103.6412668,113.8770967,104.6769589,100.5032713,42870,336080,20607,680,2.02,210088,4944.3,24.15,1543910,24,0,13585,1428,665799,3454.2,6.93,10596,285.6,26.95,190170.5,3878051,2014
"241","OR","Oregon",4,9,1,0,987145,479935,14866.2,22.29,99.52392811,104.5956395,99.89047539,100.4054054,72449,34238,0,87.3,2.55,161507,4110,25.45,588438,2977,183,335341,35262,225576,1498.4,6.76,6029,159.4,26.44,203328,3970239,2014
"242","PA","Pennsylvania",1,2,0,1,3902434,7087392,55665.8,21.44,101.9721925,120.6622967,102.1023632,98.93862483,148961,1039161,1566449,3006.4,2.89,500498,14984.4,30.2,3486721,2162,0,25117,2641,1257090,8819.3,8.19,48546,1516,31.23,672413.25,12787209,2014
"243","RI","Rhode Island",1,1,1,0,204459,4304,4203.7,26.34,102.6580976,163.8370765,104.8827345,100.4959939,7068,0,0,0,0,26078,1178,45.17,178774,57,0,38,4,91259,854.7,9.67,1970,75.7,38.4,55098.25,1055173,2014
"244","SC","South Carolina",3,5,1,0,1632085,675110,21875.7,21.74,102.6174254,97.75079491,100.6431756,98.8631196,122321,305656,0,1115.3,3.65,278487,7889.8,28.33,1021676,648,0,24432,2569,235860,1596,6.84,9741,274.8,28.21,189655.5,4832482,2014
"245","SD","South Dakota",2,4,0,0,391857,249789,4819.4,20.32,100.5744073,105.539148,101.008111,99.95081161,62730,33062,0,71.7,2.17,42154,1118.2,26.53,230463,1868,0,52288,5498,83464,549.3,7.11,6694,176.1,26.3,45600,853175,2014
"246","TN","Tennessee",3,6,0,0,2194512,499501,29614.6,21.47,102.9075624,91.66568792,102.0032377,98.80349747,101449,427509,21711,1127.7,2.64,341948,9379,27.59,1411675,213,0,84645,8901,311966,2232.9,7.48,10383,347.7,33.49,300015.25,6549352,2014
"247","TX","Texas",3,7,1,0,12899498,17597105,162555.8,19.05,101.8839148,112.1626138,102.7443227,99.8427673,214603,1585961,576803,3213.9,2.03,1329553,33991.3,26.49,11752655,2478,0,3670,386,4219128,16884,5.22,1598099,24824.5,15.54,1601976.75,26956958,2014
"248","UT","Utah",4,8,0,0,797995,1170681,10755.3,20.71,95.95114878,104.258114,97.17210412,100.9259259,10562,344054,410997,726.3,2.11,102507,2487,24.57,875384,5769,522,6018,633,252691,1348.3,6.81,4575,117,25.58,140565,2942902,2014
"249","VT","Vermont",1,1,0,0,139897,85874,3274.9,27.6,101.723298,102.0026607,98.48434728,97.56097561,20279,0,0,0,0,19004,811.5,42.7,90377,29,0,11177,1175,10848,112.8,10.52,10103,327.3,32.39,29661.75,626562,2014
"250","VA","Virginia",3,5,1,0,2430205,979780,33979.6,21.66,100.651404,95.77432848,98.92024861,98.27586207,150362,278183,393225,961.6,3.46,382480,10284.3,26.89,1500290,1701,0,9084,955,437322,3280,7.77,21423,541.8,25.29,462243,8326289,2014
"251","WA","Washington",4,9,1,0,2011941,1027404,25804.2,21.11,98.80332504,102.39941,97.01884792,98.14039981,121119,76547,0,200.3,2.62,314384,6494.1,21.04,1092335,1136,0,755695,79463,319784,2157.9,7.83,14874,393.4,27.24,422766.5,7061530,2014
"252","WV","West Virginia",3,5,0,0,752942,4154063,8756.3,19.97,101.2546866,109.0376796,97.94190352,97.50976563,30091,816460,2858022,2030.8,2.49,111559,2499.5,22.44,1163308,32,0,11811,1242,161661,678.4,7.38,4009,134.7,33.6,74432.75,1850326,2014
"253","WI","Wisconsin",2,3,0,1,1868867,298603,26448.1,20.74,103.0554333,96.1953913,106.0915783,101.5173764,136809,417096,0,1018.7,2.44,237116,7335.7,30.99,1437711,615,0,23507,2472,477923,3981.2,8.42,36344,928,25.58,293341.25,5757564,2014
"254","WY","Wyoming",4,8,0,0,535612,9361755,5841.2,18.7,99.34451892,101.3849666,105.58739,101.5752309,4566,489300,6880205,797.9,1.63,58461,1294.7,22.87,803967,663,0,8261,869,141763,456.1,6.66,5442,135,24.8,40875.5,584153,2014
"255","DC","District of Columbia",3,5,0,0,178929,360,2320.3,24.96,101.9190021,111.4551084,104.0913373,101.3398295,920,48,0,0.1,3,38193,1355.9,35.5,55217,22,0,0,0,35316,411.3,12.11,24,0.8,32.28,116539.25,658893,2014
